model,params_B,family,prompt_id,angle,self_bleu,rouge_l,jaccard,tfidf_cosine,unique_ngram_ratio,embedding_cosine,semantic_entropy,vendi_score,template_adherence,response_length_cv,key_point_consistency,confidence_consistency,timeline_consistency,stochasticity_index
Qwen/Qwen2.5-0.5B-Instruct,0.5,qwen2.5,P01,General overview,0.48941643885892505,0.32950369173502003,0.3050726259017395,0.4051382642069937,0.7220361687876758,0.8647463561345572,0.1316531837404644,0.05515990390409816,0.95,0.32041903496382834,0.10467351379345946,0.8421052631578947,0.75,0.3732932977283827
Qwen/Qwen2.5-0.5B-Instruct,0.5,qwen2.5,P02,Medical diagnostics,0.47987413955499025,0.3613322151229226,0.3211116515183761,0.3463050317087705,0.7181548878544224,0.8895748128049688,-0.0,0.04266637425212241,0.95,0.22715272723206806,0.13689078566475688,0.8421052631578947,1.0,0.3326748434011793
Qwen/Qwen2.5-0.5B-Instruct,0.5,qwen2.5,P03,Drug discovery,0.45904949945432855,0.30757900779111425,0.30500074880012307,0.43174768452334505,0.7306682229355121,0.8932904629623597,0.06626601619188213,0.04266315129928101,0.95,0.16829692452689338,0.16562830286341246,0.8421052631578947,1.0,0.338780735993497
Qwen/Qwen2.5-0.5B-Instruct,0.5,qwen2.5,P04,Patient data privacy,0.48825588113336027,0.3810081543326051,0.34422188123556624,0.390511691551519,0.7014453477868112,0.8982956452347449,0.10851536242448849,0.03849750773329717,0.95,0.2624346978067015,0.17485455001543665,0.7894736842105263,1.0,0.3410935705420342
Qwen/Qwen2.5-0.5B-Instruct,0.5,qwen2.5,P05,Rural healthcare access,0.5077512465013164,0.3999545153720079,0.3454319468584681,0.3586607365285892,0.6887052341597796,0.8944393048081091,0.1316531837404644,0.041070094913447965,1.0,0.21485452487487744,0.17493923470422792,0.7,1.0,0.34154508352964075
Qwen/Qwen2.5-0.5B-Instruct,0.5,qwen2.5,P06,Mental health,0.5370101598429362,0.3867690487598377,0.33873603428085225,0.3731622889207543,0.6628710858072387,0.9009420157495538,-0.0,0.039427744117769094,1.0,0.21822656111139968,0.1762845561166267,0.75,0.6666666666666666,0.32858487237485273
Qwen/Qwen2.5-0.5B-Instruct,0.5,qwen2.5,P07,Cost reduction,0.49255749040173935,0.3370052973921725,0.31337339134441944,0.40085657956273085,0.708602516150969,0.8838071257501203,0.17297480740342058,0.04519435430406992,1.0,0.2753452641475655,0.11618703253185453,0.75,1.0,0.36201428003502995
Qwen/Qwen2.5-0.5B-Instruct,0.5,qwen2.5,P08,Robotic surgery,0.45744080348207206,0.3191057675848177,0.30116499938821006,0.3568766489057608,0.7429643527204502,0.907421998626604,-0.0,0.035970800262704244,0.85,0.24485363467761895,0.09163984390936303,0.7058823529411765,0.6666666666666666,0.36539366891421793
Qwen/Qwen2.5-0.5B-Instruct,0.5,qwen2.5,P09,Personalized medicine,0.48554749173108086,0.3572467908240917,0.31389408053847,0.3693036993931726,0.7313008130081301,0.897407903535199,-0.0,0.04031191367668938,1.0,0.30450073543880124,0.2030051277502851,0.8,1.0,0.3300086317434093
Qwen/Qwen2.5-0.5B-Instruct,0.5,qwen2.5,P10,Electronic health records,0.5106411938375224,0.369222982817284,0.3451960691021469,0.4234749345119547,0.698463737048946,0.9093468982512745,-0.0,0.03493083047256828,0.95,0.22087252908730753,0.14311862968403471,0.8947368421052632,0.5,0.33483028783057456
Qwen/Qwen2.5-0.5B-Instruct,0.5,qwen2.5,P11,Clinical trials,0.4770388113468482,0.3464688785996857,0.310908347251263,0.41618887228855317,0.7286096256684492,0.8966614842561238,-0.0,0.040233354763592036,1.0,0.19504889695482536,0.13294761103110336,0.95,0.0,0.3609328429037122
Qwen/Qwen2.5-0.5B-Instruct,0.5,qwen2.5,P12,Ethics,0.4359836994734952,0.29709441225124417,0.28986360502691655,0.36426888642068844,0.7446043165467626,0.8997330546872824,-0.0,0.03974014962429762,0.95,0.23128737056131257,0.16007974652684515,0.8421052631578947,0.7142857142857143,0.35299708777756783
Qwen/Qwen2.5-0.5B-Instruct,0.5,qwen2.5,P13,Medical imaging,0.49997957908507473,0.35069807268098685,0.3072649821344534,0.32805118595522925,0.7130476649013,0.8785493929162201,0.18771208281295484,0.04629951203483466,1.0,0.28513429699260195,0.32594303680206377,0.65,0.75,0.3687793294746927
Qwen/Qwen2.5-0.5B-Instruct,0.5,qwen2.5,P14,Elderly care,0.5582060463669165,0.3903597796949964,0.3375640638719067,0.3773974333107776,0.6671315667131567,0.8965632143179011,0.06626601619188213,0.03881502552974581,1.0,0.2781109344499056,0.5506146980562708,0.8,0.5,0.31863733298724267
Qwen/Qwen2.5-0.5B-Instruct,0.5,qwen2.5,P15,Pandemic response,0.4209904321936421,0.28375070881142994,0.2860657503488014,0.4093940383182017,0.7588489208633094,0.8791420551874094,-0.0,0.049625609415729265,0.95,0.16863538430772923,0.19913799658993336,0.8947368421052632,0.8,0.3448156648442383
Qwen/Qwen2.5-0.5B-Instruct,0.5,qwen2.5,P16,Medical education,0.4907725582336996,0.35383305367481527,0.3345202367376935,0.427170424265095,0.7012719147473359,0.908364080751771,-0.0,0.035783849763473756,0.95,0.2848913631314125,0.1462725953001424,0.9473684210526315,0.6,0.33639570791072076
Qwen/Qwen2.5-0.5B-Instruct,0.5,qwen2.5,P17,Billing and insurance,0.5008319097450178,0.3748089903698159,0.321862093551961,0.40335579136996236,0.7176895306859206,0.8943420179817511,0.06626601619188213,0.040445364862193654,1.0,0.2775373230059125,0.15396837803000366,0.9,1.0,0.3315891640611203
Qwen/Qwen2.5-0.5B-Instruct,0.5,qwen2.5,P18,Rare diseases,0.5222185373801957,0.3407620408096872,0.32915905433065656,0.39434057300667036,0.6835087719298245,0.8924861910325969,-0.0,0.04327642502759357,1.0,0.21575679416134924,0.15407360488214653,0.9,1.0,0.31743720256686214
Qwen/Qwen2.5-0.5B-Instruct,0.5,qwen2.5,P19,Preventive care,0.6234889920938793,0.48936595275990885,0.3702679367902731,0.3921593672021846,0.5941658137154555,0.9343706431041937,-0.0,0.025485135034153523,1.0,0.22476404934586028,0.680592828856602,0.95,0.0,0.2831085852478216
Qwen/Qwen2.5-0.5B-Instruct,0.5,qwen2.5,P20,Regulatory challenges,0.41834660270552915,0.31108433239049343,0.29482377351039546,0.4121519889018558,0.7631144836687562,0.8906564597512296,0.06626601619188213,0.04316290120664079,0.9,0.2436293204584706,0.12127931322174924,0.8888888888888888,0.75,0.3648960830785169
Qwen/Qwen2.5-1.5B-Instruct,1.5,qwen2.5,P01,General overview,0.5209188780844946,0.38611204582337716,0.3373921605572738,0.3891683474333594,0.695321414986687,0.9005083875927168,-0.0,0.03778396148771239,1.0,0.1984052956253133,0.19934449007323968,1.0,0.5555555555555556,0.32237135456348537
Qwen/Qwen2.5-1.5B-Instruct,1.5,qwen2.5,P02,Medical diagnostics,0.5235725940368103,0.3791621373750495,0.33701514866462745,0.3343662729516261,0.6871358135365307,0.909481664820247,-0.0,0.0339802662771596,0.95,0.09359040928696422,0.2076288756327993,1.0,0.631578947368421,0.3172483329874751
Qwen/Qwen2.5-1.5B-Instruct,1.5,qwen2.5,P03,Drug discovery,0.5031299279102199,0.35922856974226497,0.3296536216330813,0.38768030413311194,0.7095797046573268,0.9229847348235661,-0.0,0.029078669405814998,1.0,0.1385220781007736,0.21306481965092094,1.0,0.75,0.3117608181310651
Qwen/Qwen2.5-1.5B-Instruct,1.5,qwen2.5,P04,Patient data privacy,0.500952467053281,0.3646672003269119,0.34246951850567836,0.3561933026910928,0.7147587511825922,0.9175368159098825,-0.0,0.03192263820826286,1.0,0.17093919253841336,0.2259398371818736,0.95,0.55,0.32509132620508857
Qwen/Qwen2.5-1.5B-Instruct,1.5,qwen2.5,P05,Rural healthcare access,0.46142274653003684,0.3573123960603009,0.3172431965338285,0.34794879796132955,0.7400487408610885,0.8822488741597445,0.14110376001808378,0.046098159090976275,1.0,0.17725183296096972,0.1668185761505703,1.0,0.55,0.3625750557503247
Qwen/Qwen2.5-1.5B-Instruct,1.5,qwen2.5,P06,Mental health,0.5441354473662023,0.4172110618915449,0.34841261344418806,0.42131599422273236,0.6520076481835564,0.9165629372413994,-0.0,0.03295689788388144,1.0,0.10252470640581803,0.2687700015927236,1.0,0.6,0.2975746697768282
Qwen/Qwen2.5-1.5B-Instruct,1.5,qwen2.5,P07,Cost reduction,0.547188291957964,0.3969683704124103,0.3504609893978714,0.3894401481868918,0.6555469356089992,0.8937275066011717,0.10851536242448849,0.04008662175525844,1.0,0.17328364155875117,0.22031816173454138,1.0,0.7,0.324521381239893
Qwen/Qwen2.5-1.5B-Instruct,1.5,qwen2.5,P08,Robotic surgery,0.43728307411980205,0.3336631768477055,0.3295763527477215,0.35428663495896034,0.7536293766011956,0.9333887229097914,-0.0,0.025744615911942957,1.0,0.1472065884494878,0.18313643289552003,0.95,0.5,0.33797035797709757
Qwen/Qwen2.5-1.5B-Instruct,1.5,qwen2.5,P09,Personalized medicine,0.5138113689873982,0.37840778639794054,0.3739667691844819,0.40415437995052794,0.6932084309133489,0.9181124277651029,-0.0,0.031309327150833684,1.0,0.1603236733293153,0.229241295390238,1.0,0.5789473684210527,0.3119102576645128
Qwen/Qwen2.5-1.5B-Instruct,1.5,qwen2.5,P10,Electronic health records,0.48867778951721624,0.3418327744993932,0.33139194433864716,0.39316531926032783,0.7198806415516599,0.9016426770409548,-0.0,0.03764183865130944,1.0,0.13939055616343943,0.2011591711619632,1.0,0.6,0.32490997672266697
Qwen/Qwen2.5-1.5B-Instruct,1.5,qwen2.5,P11,Clinical trials,0.5167031840043312,0.3869070185983225,0.3334997307210775,0.3971837489054653,0.7030643072939146,0.9131207914206102,-0.0,0.032630745606133216,1.0,0.15389844550781787,0.22802208484956393,1.0,0.5,0.31834343228367845
Qwen/Qwen2.5-1.5B-Instruct,1.5,qwen2.5,P12,Ethics,0.45537507705857116,0.33779428330205313,0.329708093319467,0.39487256031421636,0.74762072611914,0.9055959957003368,-0.0,0.03580531802277488,1.0,0.16198451859713967,0.20220790840706354,0.7,0.4,0.3505728700271488
Qwen/Qwen2.5-1.5B-Instruct,1.5,qwen2.5,P13,Medical imaging,0.4929480949808843,0.365069559159172,0.33352091154606234,0.38141615118255573,0.7127583749109052,0.902069181486779,0.06626601619188213,0.03844286751650708,1.0,0.1833036319557926,0.1843664596272922,1.0,0.7,0.33272040326917646
Qwen/Qwen2.5-1.5B-Instruct,1.5,qwen2.5,P14,Elderly care,0.5674304696054298,0.40800422435207623,0.3623952810139207,0.3907763933663918,0.6579173838209983,0.9176884340910713,-0.0,0.031423272358103625,1.0,0.12624903299216286,0.22360530226745734,1.0,0.7,0.2977327530414085
Qwen/Qwen2.5-1.5B-Instruct,1.5,qwen2.5,P15,Pandemic response,0.52036807841223,0.3953264535596987,0.32379191142587466,0.37989294224919623,0.6877534468775345,0.924415228093348,-0.0,0.029809352858945055,1.0,0.12309209914270919,0.1939307351614694,1.0,0.85,0.3033282908625753
Qwen/Qwen2.5-1.5B-Instruct,1.5,qwen2.5,P16,Medical education,0.5148892573783893,0.3936278400358318,0.3647946376319987,0.37375209733373854,0.6929824561403509,0.8967179948162312,-0.0,0.03894821166666211,1.0,0.10913424600804429,0.19414495099936205,1.0,0.7,0.3112182683979562
Qwen/Qwen2.5-1.5B-Instruct,1.5,qwen2.5,P17,Billing and insurance,0.5440341941936002,0.3869855327738302,0.3613371835221956,0.42968323918615525,0.6761658031088082,0.9134633676852837,-0.0,0.03265062497229154,1.0,0.09913612222954414,0.25321792492351314,1.0,0.5,0.30494696948871125
Qwen/Qwen2.5-1.5B-Instruct,1.5,qwen2.5,P18,Rare diseases,0.6102392873151661,0.4138714870604862,0.3742669477491396,0.45458264826346506,0.600353982300885,0.9163889285900968,-0.0,0.03265164588855116,1.0,0.10459362386373841,0.31176198127220434,1.0,0.65,0.27961535159861994
Qwen/Qwen2.5-1.5B-Instruct,1.5,qwen2.5,P19,Preventive care,0.6060064561304597,0.42341262877757263,0.34404648082410955,0.3982507756970809,0.6153528683450268,0.9223197361573479,-0.0,0.029494230643667033,1.0,0.10947878921016872,0.2595747508897756,1.0,0.6,0.29100272906132707
Qwen/Qwen2.5-1.5B-Instruct,1.5,qwen2.5,P20,Regulatory challenges,0.5112594062315947,0.38434130619191603,0.36004266914885863,0.40334728668139386,0.6928213689482471,0.9231252988717759,-0.0,0.029699244496519256,1.0,0.15596703674035867,0.20685773271270286,0.9,0.65,0.31440339592035305
Qwen/Qwen2.5-14B-Instruct,14.0,qwen2.5,P01,General overview,0.580628282221354,0.3702533684437012,0.3262304465528657,0.4997015802878463,0.6450996450996451,0.8905487453326878,0.06626601619188213,0.04359744078562983,1.0,0.08197094532468438,0.22659156455508855,0.85,0.55,0.3172472869465485
Qwen/Qwen2.5-14B-Instruct,14.0,qwen2.5,P02,Medical diagnostics,0.6125372626571597,0.38228841594082186,0.37707116011118486,0.48835322971935413,0.6102228047182175,0.9175366580326053,-0.0,0.032235539649147826,1.0,0.09005013515592254,0.27501365775971737,0.95,1.0,0.26936584047396867
Qwen/Qwen2.5-14B-Instruct,14.0,qwen2.5,P03,Drug discovery,0.588946792056505,0.3815314540783762,0.3665084256768924,0.5373569159467765,0.6235468711352956,0.9150504279082649,-0.0,0.032185763201911216,1.0,0.07396960106562747,0.2668879812096108,0.6,0.95,0.2856581164616516
Qwen/Qwen2.5-14B-Instruct,14.0,qwen2.5,P04,Patient data privacy,0.6230664350865031,0.38544962671598276,0.3696008565481973,0.5279823672027137,0.5958369470945359,0.9246346856827045,-0.0,0.029905589395868473,1.0,0.08362688772333647,0.24117050057965056,0.9,0.6,0.2839884829267211
Qwen/Qwen2.5-14B-Instruct,14.0,qwen2.5,P05,Rural healthcare access,0.6360615317776337,0.4268970275270638,0.3905593141692489,0.5585153383164569,0.5788762830902215,0.9174211352455987,-0.0,0.032090318397183855,1.0,0.11132150884229461,0.28114448434701245,1.0,1.0,0.2548683453370765
Qwen/Qwen2.5-14B-Instruct,14.0,qwen2.5,P06,Mental health,0.64071144294737,0.4261644427985386,0.3900711620322776,0.5387302127996376,0.5744908896034298,0.9189723197133737,-0.0,0.03224359767365098,1.0,0.08037906474221311,0.2845020179645957,1.0,1.0,0.2533994325520887
Qwen/Qwen2.5-14B-Instruct,14.0,qwen2.5,P07,Cost reduction,0.6374478231763614,0.4081780508269428,0.3802578250893906,0.5170895052695558,0.5857534246575342,0.9256512934952232,-0.0,0.029055178620805006,1.0,0.07958093416243937,0.26584003854909416,1.0,0.95,0.26006774771792235
Qwen/Qwen2.5-14B-Instruct,14.0,qwen2.5,P08,Robotic surgery,0.5311816937804751,0.36107245440432917,0.3569556877737696,0.43760439504226933,0.692256341789052,0.9297366847739735,-0.0,0.026507210758624788,1.0,0.1292410928390183,0.23355535846486647,0.95,0.85,0.29747755494272216
Qwen/Qwen2.5-14B-Instruct,14.0,qwen2.5,P09,Personalized medicine,0.5527018376718313,0.3556136884438028,0.3652197517419432,0.5003818027989491,0.6734913793103449,0.9148550265052143,-0.0,0.033970452249725634,1.0,0.08043751909031642,0.2852548044755215,0.95,0.65,0.2938360381814467
Qwen/Qwen2.5-14B-Instruct,14.0,qwen2.5,P10,Electronic health records,0.621763831447471,0.4222556071252144,0.4008494768587797,0.5096013062353184,0.6020524515393386,0.9181410574913337,-0.0,0.03083072292706071,1.0,0.08423754355122413,0.25603030289393286,0.7,1.0,0.27245251284986
Qwen/Qwen2.5-14B-Instruct,14.0,qwen2.5,P11,Clinical trials,0.5593274912477414,0.3629868093852273,0.3638061155085413,0.48939096829974926,0.6694237661979597,0.899701931871398,-0.0,0.03825732012962311,1.0,0.07958056797737789,0.2666989727695168,1.0,1.0,0.28074310474089637
Qwen/Qwen2.5-14B-Instruct,14.0,qwen2.5,P12,Ethics,0.5179804845886667,0.33975242918152093,0.32769668433729665,0.4755069853964311,0.6821705426356589,0.8761284985034347,0.06626601619188213,0.043174090514097034,1.0,0.17741556530166774,0.22978969089290371,1.0,0.7,0.32458757467241034
Qwen/Qwen2.5-14B-Instruct,14.0,qwen2.5,P13,Medical imaging,0.5543428450003165,0.3715153966568136,0.37871456214412763,0.48808163442199043,0.6576223776223776,0.9138707405793438,0.06626601619188213,0.033494155227721596,1.0,0.09480273074496737,0.2553967217874841,0.5,1.0,0.3084850912905212
Qwen/Qwen2.5-14B-Instruct,14.0,qwen2.5,P14,Elderly care,0.6566393482570569,0.4264610373963411,0.37718664279195163,0.5335344073973487,0.5654194179505991,0.9259627109974465,-0.0,0.029160599168041992,1.0,0.07764258648728978,0.3307491219071321,1.0,1.0,0.24804633081971464
Qwen/Qwen2.5-14B-Instruct,14.0,qwen2.5,P15,Pandemic response,0.5645250921798529,0.373631049776907,0.344982070881907,0.48558903221578714,0.6543309198176455,0.8947402657384504,-0.0,0.04089390448668128,1.0,0.0784764681620383,0.2839436095000153,0.8,0.8,0.2957866695586811
Qwen/Qwen2.5-14B-Instruct,14.0,qwen2.5,P16,Medical education,0.5445009254399567,0.3666925841321494,0.34582822973459815,0.4655105930188438,0.6737263880938752,0.8871740575857162,-0.0,0.04450937404247518,1.0,0.16770144594249906,0.20993236121708014,0.9,0.85,0.3064639745027011
Qwen/Qwen2.5-14B-Instruct,14.0,qwen2.5,P17,Billing and insurance,0.6262239609555456,0.40805679054051536,0.3898772056995572,0.5331255890857753,0.6053077357425184,0.9393109974786844,-0.0,0.024207223313033443,1.0,0.107540341623985,0.30789025676742326,0.9,1.0,0.2589917569709375
Qwen/Qwen2.5-14B-Instruct,14.0,qwen2.5,P18,Rare diseases,0.6920399519060669,0.46647870374532907,0.4275345760323817,0.5887377912962537,0.5161546610169492,0.9260366550792798,-0.0,0.029230739302309683,1.0,0.06907197277883009,0.3651117101138773,1.0,1.0,0.2285315498270857
Qwen/Qwen2.5-14B-Instruct,14.0,qwen2.5,P19,Preventive care,0.6804601103436095,0.47263204666885517,0.41990148787535275,0.5678679400401521,0.5308472717301892,0.9362525622590102,-0.0,0.025061775688904303,1.0,0.07379908074364563,0.3631672472367613,1.0,1.0,0.23070403650040938
Qwen/Qwen2.5-14B-Instruct,14.0,qwen2.5,P20,Regulatory challenges,0.5456878926766027,0.3585637140226577,0.371351401844126,0.5134067757213842,0.6764072593048293,0.9331607650049132,-0.0,0.026024805301559168,1.0,0.12207563425875476,0.2576214499167815,1.0,0.75,0.2885476294370998
Qwen/Qwen2.5-3B-Instruct,3.0,qwen2.5,P01,General overview,0.5358601225460091,0.3625410014280219,0.3057277218138908,0.4607161898977019,0.6847031295700498,0.8958819784588038,-0.0,0.041886782252118115,1.0,0.13069730674642457,0.1929577263318951,0.65,0.75,0.3230124286615565
Qwen/Qwen2.5-3B-Instruct,3.0,qwen2.5,P02,Medical diagnostics,0.5463688631535757,0.3473944871423932,0.3477414282578466,0.4391495091861875,0.6699056873392398,0.9056533650968068,-0.0,0.03730686595928508,1.0,0.12958349209757522,0.20758534051746555,0.85,0.85,0.30628079193307417
Qwen/Qwen2.5-3B-Instruct,3.0,qwen2.5,P03,Drug discovery,0.5316104521777484,0.33429284998495035,0.3412706443769698,0.5163680049463399,0.6864877371587228,0.9025663195303755,-0.0,0.03910507263861771,1.0,0.08285634100433038,0.24743619632541755,1.0,0.7,0.2996386038264309
Qwen/Qwen2.5-3B-Instruct,3.0,qwen2.5,P04,Patient data privacy,0.5309619485041577,0.34340823552119576,0.3286678283696836,0.45660215814087185,0.6739513570673247,0.9230290906918783,-0.0,0.03037789326377611,1.0,0.12594611547807524,0.22573854073104357,0.6,0.5,0.3281891826263796
Qwen/Qwen2.5-3B-Instruct,3.0,qwen2.5,P05,Rural healthcare access,0.5513449895520267,0.35570503427166666,0.35242560516937843,0.5129031129754209,0.6570977087174085,0.8931884902615234,0.06626601619188213,0.04200628365252655,1.0,0.09696514384787035,0.23422465967674186,0.55,0.6,0.32907106788495094
Qwen/Qwen2.5-3B-Instruct,3.0,qwen2.5,P06,Mental health,0.6088205644843812,0.42313259887078725,0.37825359383866786,0.560695061976463,0.6050955414012739,0.9224877551499524,-0.0,0.030008380902770165,1.0,0.13676778927847785,0.239992275274488,0.5,1.0,0.28350462236468066
Qwen/Qwen2.5-3B-Instruct,3.0,qwen2.5,P07,Cost reduction,0.5848175161523143,0.3600076685305637,0.3590023395423399,0.5066837409459719,0.6409672830725462,0.9178474392351973,-0.0,0.03188981339168223,1.0,0.08986178900322525,0.2407361779895608,0.75,0.6,0.3017554369336378
Qwen/Qwen2.5-3B-Instruct,3.0,qwen2.5,P08,Robotic surgery,0.5401967034312545,0.3944294776956463,0.34795154692006797,0.42036863085621146,0.6717171717171717,0.9455702787790387,-0.0,0.021045593469428178,1.0,0.11709363198367054,0.21995371821411416,0.5,0.85,0.3104944011202323
Qwen/Qwen2.5-3B-Instruct,3.0,qwen2.5,P09,Personalized medicine,0.5176081065551712,0.3584354090720361,0.3612521046003153,0.47352228679113495,0.6976889444097439,0.9267926792867976,-0.0,0.028946339753155702,1.0,0.12075337596689949,0.234985045117386,0.95,0.95,0.2924903583025025
Qwen/Qwen2.5-3B-Instruct,3.0,qwen2.5,P10,Electronic health records,0.5361374314773945,0.3672892485025811,0.35479792804829,0.47269330743705046,0.6731946144430845,0.9140081774994853,-0.0,0.033220165554275954,1.0,0.134917199241442,0.22636518769152691,0.9,0.9,0.29662896528180344
Qwen/Qwen2.5-3B-Instruct,3.0,qwen2.5,P11,Clinical trials,0.5260560369936054,0.37367672132671537,0.32701351737438616,0.4630338952160859,0.7032533683864607,0.9211799211739008,-0.0,0.030872462846456904,1.0,0.1606928510979093,0.22349920602237655,0.5,0.9,0.31790189052057793
Qwen/Qwen2.5-3B-Instruct,3.0,qwen2.5,P12,Ethics,0.5118054869309421,0.3297161109788551,0.32841760803489944,0.4441013177243676,0.715439577508543,0.9180525663928888,-0.0,0.031901923727340985,1.0,0.16147914492855425,0.2348443507433932,0.55,0.65,0.33241134505013903
Qwen/Qwen2.5-3B-Instruct,3.0,qwen2.5,P13,Medical imaging,0.5389137977785742,0.36422758673423883,0.33107410559623646,0.42174955647959156,0.6748350612629594,0.915805867303335,-0.0,0.03272413467342904,1.0,0.1531270119094418,0.18057723946473547,1.0,0.65,0.3119374333442212
Qwen/Qwen2.5-3B-Instruct,3.0,qwen2.5,P14,Elderly care,0.5249763558039127,0.343634795147578,0.32667881483217587,0.463110023406911,0.6948559116617291,0.9126192572711233,-0.0,0.034367194057981824,1.0,0.11891862537116835,0.21616759531024965,0.55,0.95,0.31539495209796886
Qwen/Qwen2.5-3B-Instruct,3.0,qwen2.5,P15,Pandemic response,0.559996316535052,0.3806462435002619,0.3403515083066219,0.4581559454459555,0.6624161073825503,0.9221933644926663,-0.0,0.030418333565382528,1.0,0.1322967614030917,0.22711669043485722,0.9,0.45,0.3111922194440847
Qwen/Qwen2.5-3B-Instruct,3.0,qwen2.5,P16,Medical education,0.4733964143276501,0.34721530220953534,0.33301618251409515,0.40925478289798184,0.7295440349781387,0.8990510284113085,-0.0,0.03841098313764293,1.0,0.15433212874224073,0.17434251130725942,0.65,0.75,0.33641229539796724
Qwen/Qwen2.5-3B-Instruct,3.0,qwen2.5,P17,Billing and insurance,0.5624625524951624,0.3715808708064541,0.3485598504180733,0.47343868312288007,0.6646243147371815,0.9206114749610157,-0.0,0.030574173754628037,1.0,0.1211268246616722,0.2195032210968,0.6,0.9,0.304205017858025
Qwen/Qwen2.5-3B-Instruct,3.0,qwen2.5,P18,Rare diseases,0.5842006481465879,0.372390354429558,0.3600740573500147,0.5250721442852764,0.6318480642804967,0.9030323459278804,0.06626601619188213,0.03857511092317858,1.0,0.10767530031025935,0.2510554178324672,0.9,0.7,0.30174104671062835
Qwen/Qwen2.5-3B-Instruct,3.0,qwen2.5,P19,Preventive care,0.5854181709388904,0.376487186619732,0.3432669932888911,0.47928973620689524,0.6368467670504872,0.9087830126364647,-0.0,0.036322138711038364,1.0,0.13475829532003905,0.24251734350724063,0.65,0.95,0.29729011129277527
Qwen/Qwen2.5-3B-Instruct,3.0,qwen2.5,P20,Regulatory challenges,0.46951351558171683,0.3190763893648078,0.31803700079692393,0.44689950137329293,0.7331563226020578,0.9225680762675925,-0.0,0.03047141957709642,1.0,0.09875728408081255,0.2235897182393277,0.55,0.75,0.33124792784452567
Qwen/Qwen2.5-72B-Instruct,72.0,qwen2.5,P01,General overview,0.7118624271842156,0.45113160164156757,0.40252291862272854,0.5669422071855923,0.5162976629766297,0.9290700914284409,-0.0,0.027693785180782197,1.0,0.08184548413391177,0.27024753148376873,0.95,1.0,0.23994992288333822
Qwen/Qwen2.5-72B-Instruct,72.0,qwen2.5,P02,Medical diagnostics,0.7168434856846901,0.44358876649880885,0.42744616207130415,0.5613176864298751,0.4973277074542897,0.916739288421572,-0.0,0.031193530949590646,1.0,0.08412438958581715,0.3258035704132097,1.0,1.0,0.23383331801985296
Qwen/Qwen2.5-72B-Instruct,72.0,qwen2.5,P03,Drug discovery,0.6759151921524538,0.4510796934250789,0.41139931284080905,0.6107828866525695,0.5327673122844255,0.9364004735430698,-0.0,0.02500597384504262,1.0,0.08633701070760297,0.3230152338943255,1.0,1.0,0.23410941178962233
Qwen/Qwen2.5-72B-Instruct,72.0,qwen2.5,P04,Patient data privacy,0.7121522937516814,0.4500009911202933,0.41072561241520333,0.527252074932795,0.5219568567026194,0.9461113145102082,-0.0,0.020817086250080743,1.0,0.06442197205303302,0.29477882664114935,0.95,1.0,0.23700324739806405
Qwen/Qwen2.5-72B-Instruct,72.0,qwen2.5,P05,Rural healthcare access,0.742192612701177,0.5057329369537404,0.4635266842528058,0.6070983975179904,0.46020558002936857,0.9327140448083708,-0.0,0.025488730922093906,1.0,0.08995394953965372,0.3326112811971615,0.75,1.0,0.2261262620548785
Qwen/Qwen2.5-72B-Instruct,72.0,qwen2.5,P06,Mental health,0.6567184933120527,0.40206309168309357,0.368875729108546,0.5534223739208497,0.5674173735010237,0.9201302262764807,-0.0,0.030847569642695177,1.0,0.09117600825824504,0.2616833692900296,0.6,1.0,0.2717949592534252
Qwen/Qwen2.5-72B-Instruct,72.0,qwen2.5,P07,Cost reduction,0.7560690610640942,0.5027504111323876,0.47629872637927206,0.6204820963608111,0.4562076083751106,0.9363879740911782,-0.0,0.024569243120350512,1.0,0.07958928852961324,0.3409448660449406,1.0,1.0,0.21120836793967387
Qwen/Qwen2.5-72B-Instruct,72.0,qwen2.5,P08,Robotic surgery,0.7109975929725996,0.4829738535240751,0.42529172068993293,0.5188323674402312,0.5057959814528593,0.9556545573393306,-0.0,0.01680031952168402,1.0,0.0840465999534854,0.35153454791604005,0.8,1.0,0.23490030803888054
Qwen/Qwen2.5-72B-Instruct,72.0,qwen2.5,P09,Personalized medicine,0.7294126039493702,0.49150102444876925,0.44838335568371823,0.6020705566167306,0.4799757281553398,0.9394396674138946,-0.0,0.023665472637456598,1.0,0.07739820179809441,0.32886466120943914,1.0,1.0,0.2194628231932002
Qwen/Qwen2.5-72B-Instruct,72.0,qwen2.5,P10,Electronic health records,0.7393131496484975,0.5145310271359821,0.43895814502628644,0.5489401072503894,0.48453261600537995,0.9385979803748425,-0.0,0.023040976208211876,1.0,0.10009456212917982,0.2575757751589555,1.0,1.0,0.22762766544763727
Qwen/Qwen2.5-72B-Instruct,72.0,qwen2.5,P11,Clinical trials,0.7087233332863572,0.44103695631991285,0.40853098705761937,0.5733480769869502,0.5317299333526514,0.9271429915951923,-0.0,0.028291045703330308,1.0,0.07025715075521564,0.31419291071734196,1.0,1.0,0.2354935432242929
Qwen/Qwen2.5-72B-Instruct,72.0,qwen2.5,P12,Ethics,0.7197287717795816,0.43549507295373646,0.3853398216021009,0.5362680543598908,0.5251141552511416,0.9346352985584169,-0.0,0.024162373289714184,1.0,0.1487868888831436,0.305211977419069,1.0,1.0,0.24275304984657575
Qwen/Qwen2.5-72B-Instruct,72.0,qwen2.5,P13,Medical imaging,0.7128118427898485,0.45984694470243426,0.41688157609156645,0.5453821699020955,0.5087235996326905,0.922582432557634,-0.0,0.029574671848089713,1.0,0.11268318118644975,0.2237251826623397,1.0,1.0,0.24335658126961462
Qwen/Qwen2.5-72B-Instruct,72.0,qwen2.5,P14,Elderly care,0.7923242524573068,0.5369603026952785,0.45685696213679533,0.6103926728678873,0.4113455741298986,0.931502924883046,-0.0,0.025363997893269773,1.0,0.05343169484315146,0.4322320008446341,1.0,1.0,0.19737626522964036
Qwen/Qwen2.5-72B-Instruct,72.0,qwen2.5,P15,Pandemic response,0.6928807180075821,0.4417226836864921,0.38611859896421175,0.5301877230990103,0.5344773790951638,0.9132736526826378,-0.0,0.032697513599151684,1.0,0.06846296659980271,0.30832730092498195,1.0,1.0,0.24415831988389308
Qwen/Qwen2.5-72B-Instruct,72.0,qwen2.5,P16,Medical education,0.704402770027457,0.46233704804500725,0.40283208503401213,0.5103672143351988,0.5213798059647862,0.9165805939898862,-0.0,0.0313679848324201,1.0,0.08140141231545786,0.267917429099576,1.0,1.0,0.243994790402461
Qwen/Qwen2.5-72B-Instruct,72.0,qwen2.5,P17,Billing and insurance,0.7301213442866115,0.49861579319715565,0.43813023313540994,0.5652450733032742,0.490009826400262,0.9261252987063253,-0.0,0.028524658301584665,1.0,0.06701472728344689,0.2618352758110218,1.0,1.0,0.22877266630050627
Qwen/Qwen2.5-72B-Instruct,72.0,qwen2.5,P18,Rare diseases,0.7782249932292494,0.4793273162988729,0.4424695244978005,0.6237422738204117,0.4395027624309392,0.9433855616527248,-0.0,0.021739420028860396,1.0,0.05836014894440967,0.3498009184466132,0.75,1.0,0.219154846862398
Qwen/Qwen2.5-72B-Instruct,72.0,qwen2.5,P19,Preventive care,0.7785387741673461,0.5258224165232877,0.45387102782842936,0.6222726149394399,0.4302600472813239,0.9405770887987546,-0.0,0.022665794666512085,1.0,0.0936196637139009,0.393186660781431,1.0,1.0,0.20375471901065223
Qwen/Qwen2.5-72B-Instruct,72.0,qwen2.5,P20,Regulatory challenges,0.6801554174872335,0.45310412198491506,0.41335628948023406,0.5238809017699136,0.5395051875498803,0.9287166761286011,-0.0,0.026055437267897632,1.0,0.1169778278629848,0.2747658770375095,0.6,1.0,0.2620493853529781
Qwen/Qwen2.5-7B-Instruct,7.0,qwen2.5,P01,General overview,0.662820459586496,0.4549756998899891,0.39217563244301884,0.5666931560595623,0.5568676196395277,0.934337531166038,-0.0,0.02579018287509549,1.0,0.09775849580286396,0.27335765078823776,1.0,0.75,0.25523145257752716
Qwen/Qwen2.5-7B-Instruct,7.0,qwen2.5,P02,Medical diagnostics,0.6289341845441635,0.3948036263491109,0.38076189051400783,0.48643281136560096,0.6077715044835603,0.919783604669252,-0.0,0.030493193975448613,1.0,0.12378652322074682,0.25269856950948816,1.0,0.6,0.2836208158950754
Qwen/Qwen2.5-7B-Instruct,7.0,qwen2.5,P03,Drug discovery,0.6182176906630719,0.4195959690461783,0.36124601583147303,0.5220381869635625,0.606401384083045,0.9173650405851725,-0.0,0.03196879824046053,1.0,0.14248228737167315,0.22213991525415472,1.0,0.85,0.27521294654683315
Qwen/Qwen2.5-7B-Instruct,7.0,qwen2.5,P04,Patient data privacy,0.5799320162305308,0.38307413923782335,0.3613537673053462,0.49329962626272217,0.6412399860675723,0.9129694038326411,-0.0,0.032965513427435415,1.0,0.14107982082703838,0.22166170122202752,1.0,0.8,0.28828582203844183
Qwen/Qwen2.5-7B-Instruct,7.0,qwen2.5,P05,Rural healthcare access,0.6506396204261111,0.44559796925723383,0.3959295057681699,0.5067675691652336,0.5713800135961931,0.8862511114276074,0.2297063792343546,0.041016011920081856,1.0,0.2012723000491508,0.24706041390266945,1.0,0.65,0.31565793958689226
Qwen/Qwen2.5-7B-Instruct,7.0,qwen2.5,P06,Mental health,0.6488684728485148,0.43856191909105063,0.37709606529778933,0.5191541922973051,0.5684033613445378,0.905135149141776,-0.0,0.03549590406234828,1.0,0.1605926284893957,0.25345089068714677,0.85,0.95,0.2705382170939199
Qwen/Qwen2.5-7B-Instruct,7.0,qwen2.5,P07,Cost reduction,0.6337953477543684,0.43428932463056,0.38838827401773174,0.5028125638380107,0.5916282135794331,0.9067245885227574,-0.0,0.03417847402780507,1.0,0.1341603594515961,0.22455079814468618,1.0,0.55,0.28401663376020536
Qwen/Qwen2.5-7B-Instruct,7.0,qwen2.5,P08,Robotic surgery,0.5993500683251259,0.4225249786718478,0.39197927725114456,0.5026186645469216,0.6093687971417229,0.9479293882660775,-0.0,0.020280995818228374,1.0,0.082062235610679,0.2873162733336402,0.9,0.9,0.2651977467981405
Qwen/Qwen2.5-7B-Instruct,7.0,qwen2.5,P09,Personalized medicine,0.6095707944073874,0.40750575257366667,0.3683366558189931,0.5210532643910094,0.6066854108091222,0.9173623355900711,-0.0,0.031784754906543,1.0,0.09959362194835014,0.25349120956557825,1.0,0.95,0.2678456643462801
Qwen/Qwen2.5-7B-Instruct,7.0,qwen2.5,P10,Electronic health records,0.6872414950308673,0.4998108974624511,0.4630279872047758,0.5351844749794044,0.5217541436464088,0.9352526523761164,-0.0,0.024435947046212676,1.0,0.12953032558607647,0.28492230987527906,1.0,0.9,0.23954434779272735
Qwen/Qwen2.5-7B-Instruct,7.0,qwen2.5,P11,Clinical trials,0.6008636301095607,0.4243552906986893,0.36491598359723987,0.49260394896638904,0.6268714011516314,0.9269003816041449,-0.0,0.027228600640449338,1.0,0.1419752510414896,0.24200340022945674,1.0,0.8,0.27835547982925124
Qwen/Qwen2.5-7B-Instruct,7.0,qwen2.5,P12,Ethics,0.6130127510783854,0.39728667124140643,0.3555248787341692,0.5010352844416922,0.6269602936269603,0.926688711323234,-0.0,0.026924196559309607,1.0,0.165801815434616,0.2926636024210091,1.0,0.8,0.27725602550563583
Qwen/Qwen2.5-7B-Instruct,7.0,qwen2.5,P13,Medical imaging,0.6627911516463939,0.45358892229527314,0.4340446696299577,0.540743545397028,0.556537753222836,0.9099220987361365,-0.0,0.0340397658655959,1.0,0.13033449286563253,0.29522895863813714,1.0,0.85,0.25439285086648306
Qwen/Qwen2.5-7B-Instruct,7.0,qwen2.5,P14,Elderly care,0.6734060476182899,0.4557460971138756,0.3904966370215844,0.527379147019762,0.5481004901960784,0.9354945195474369,-0.0,0.025298975607634066,1.0,0.09918654808316028,0.3540723007028788,1.0,0.95,0.24279011414682966
Qwen/Qwen2.5-7B-Instruct,7.0,qwen2.5,P15,Pandemic response,0.6353348113439893,0.43850606691762145,0.3836630823261459,0.4894612488770313,0.5882744836775483,0.9088270649974821,-0.0,0.03550723159356512,1.0,0.16287254911558668,0.30858621269414527,1.0,0.75,0.27234384792985
Qwen/Qwen2.5-7B-Instruct,7.0,qwen2.5,P16,Medical education,0.6739042644187491,0.4796791188005234,0.4228995848816712,0.5189109799580112,0.5397704788286506,0.9190285586139458,0.06626601619188213,0.030872359664960516,0.9,0.129850729354247,0.23724581506770412,1.0,0.9444444444444444,0.26644679874708055
Qwen/Qwen2.5-7B-Instruct,7.0,qwen2.5,P17,Billing and insurance,0.6382566787361446,0.4493125862241609,0.4027989885756856,0.5082569097587684,0.5814977973568282,0.9273933797375598,-0.0,0.027167515757014312,1.0,0.13703615479349546,0.24983547330943243,1.0,0.9,0.26169353437602594
Qwen/Qwen2.5-7B-Instruct,7.0,qwen2.5,P18,Rare diseases,0.6609689057165566,0.4112349418588092,0.3710674587731081,0.5122359212179376,0.5666035353535354,0.9085107661314376,-0.0,0.033228532932139475,1.0,0.17071195741139883,0.22230408268128507,0.9,0.8,0.2784862472623786
Qwen/Qwen2.5-7B-Instruct,7.0,qwen2.5,P19,Preventive care,0.6728986747143725,0.44955723446718393,0.397829766467654,0.5287790782346898,0.556454221934649,0.913439593913543,-0.0,0.0324495274855855,1.0,0.1490335848139984,0.333054089143019,1.0,1.0,0.24896607606651835
Qwen/Qwen2.5-7B-Instruct,7.0,qwen2.5,P20,Regulatory challenges,0.5656459355900079,0.39735211266879733,0.3773282447151574,0.5371262174104915,0.6407629812787001,0.9262454589693881,-0.0,0.0275322146754889,1.0,0.12822463415542817,0.21723962332183852,1.0,1.0,0.27376404495065426
google/gemma-2-2b-it,2.0,gemma2,P01,General overview,0.6356358952826365,0.4078060502213137,0.36611442058777455,0.5805883986414102,0.5987158908507223,0.9144196557454124,-0.0,0.03296079290456486,1.0,0.09722343057227102,0.3017688375252028,1.0,0.55,0.2737538314591035
google/gemma-2-2b-it,2.0,gemma2,P02,Medical diagnostics,0.6349709246138716,0.4067736645357705,0.3857270066830315,0.6089982091050582,0.5782885753299954,0.916310564947449,-0.0,0.03276027537058266,1.0,0.06508257612894691,0.32496657619968405,1.0,0.65,0.261720732014208
google/gemma-2-2b-it,2.0,gemma2,P03,Drug discovery,0.6689056486255132,0.4232615429695657,0.40344722899197294,0.6410189644180034,0.5451786131216437,0.907089338609487,-0.0,0.03614084042370248,1.0,0.0729956585989321,0.3357710699058546,1.0,0.45,0.26103393684902515
google/gemma-2-2b-it,2.0,gemma2,P04,Patient data privacy,0.636526908775094,0.41456075203414344,0.39462950046889916,0.6608819412954539,0.5589383294301327,0.9467982483750671,-0.0,0.0210543306510978,0.95,0.09084845249863731,0.308133537333978,0.9473684210526315,0.5263157894736842,0.2631673988833499
google/gemma-2-2b-it,2.0,gemma2,P05,Rural healthcare access,0.664546634935227,0.4497582013252838,0.41914455784607285,0.6526997525300002,0.5400803972570347,0.930211085694765,-0.0,0.02751204979936217,1.0,0.06621754422762695,0.3067707319516857,0.7,0.75,0.2551645746505852
google/gemma-2-2b-it,2.0,gemma2,P06,Mental health,0.6229424413914035,0.42241279567164486,0.3784823920372101,0.612419422624245,0.587335092348285,0.9317658408733905,-0.0,0.026698787292371268,1.0,0.10516252685765995,0.32720059688029274,0.7,0.65,0.27418004745250985
google/gemma-2-2b-it,2.0,gemma2,P07,Cost reduction,0.6176111350769145,0.3989637114839297,0.37641208760501793,0.608291692876448,0.6123107470836436,0.9265087114444426,-0.0,0.028595032208438054,1.0,0.057943330704546527,0.2969636709783862,0.9,0.65,0.2703756630153702
google/gemma-2-2b-it,2.0,gemma2,P08,Robotic surgery,0.5704114157577443,0.3871756742315003,0.3698703693767107,0.5661125264959164,0.6428955866523143,0.9395398223382313,-0.0,0.02299171940209852,1.0,0.1399030643742172,0.3007113595511804,0.9,0.5,0.2895095630607299
google/gemma-2-2b-it,2.0,gemma2,P09,Personalized medicine,0.6181564570095074,0.4194864284420109,0.39707537478783367,0.6027318764152768,0.6094986807387863,0.932382096854131,-0.0,0.026638642316449114,1.0,0.08636455044452052,0.3169231745039389,1.0,0.55,0.2668891298969546
google/gemma-2-2b-it,2.0,gemma2,P10,Electronic health records,0.6281106453610636,0.4045440155088463,0.3866992852760613,0.5884462515352551,0.592094196804037,0.9127940457204592,-0.0,0.03243921679340813,1.0,0.09777359350614484,0.28450028891733864,1.0,0.6,0.27182996806563636
google/gemma-2-2b-it,2.0,gemma2,P11,Clinical trials,0.6156046177241775,0.3981217543596041,0.38765433586129894,0.5745731360717733,0.6062483167250202,0.920506000728087,-0.0,0.03133637517653553,1.0,0.050107134690803856,0.322952497346272,1.0,0.55,0.2706189613772422
google/gemma-2-2b-it,2.0,gemma2,P12,Ethics,0.6126822549324833,0.3765803109807427,0.37114490855398174,0.6226108273835358,0.6052369077306733,0.9354397161834601,-0.0,0.025442830740056665,0.95,0.08315270730224701,0.3136012050146607,0.7368421052631579,0.8421052631578947,0.2719749939814566
google/gemma-2-2b-it,2.0,gemma2,P13,Medical imaging,0.6067847793224053,0.3954344940740352,0.367892415052316,0.5568799330983302,0.6005941128814475,0.908566040687905,-0.0,0.03554531690251861,1.0,0.12761083597393907,0.2547322977147635,1.0,0.45,0.2893343999414699
google/gemma-2-2b-it,2.0,gemma2,P14,Elderly care,0.6479019006804061,0.4570700811671307,0.4043522161541237,0.5989725990689738,0.571284888106613,0.9363931615510438,-0.0,0.02409826378196759,1.0,0.069077479854876,0.33396292171155073,0.8,0.55,0.26378560204185825
google/gemma-2-2b-it,2.0,gemma2,P15,Pandemic response,0.5641463382560353,0.3930753176679423,0.3657356145208299,0.5892398664571984,0.6442419995328195,0.9017494762261077,-0.0,0.03889843968704134,1.0,0.10505795290855337,0.3159568765530456,1.0,0.8,0.2753695597065113
google/gemma-2-2b-it,2.0,gemma2,P16,Medical education,0.615827170919818,0.4231971159201044,0.3781420586854948,0.610229850732316,0.6023643202579259,0.923595811414969,-0.0,0.02920287678816691,1.0,0.1472345724860438,0.27267771907215566,1.0,0.5,0.2773291203111915
google/gemma-2-2b-it,2.0,gemma2,P17,Billing and insurance,0.6394833969544769,0.4338369900555756,0.399736372467673,0.6135891435821507,0.5750328515111696,0.9283138880220739,-0.0,0.027425955681077197,1.0,0.06811142364857126,0.32810377416786835,1.0,0.65,0.2556279077847994
google/gemma-2-2b-it,2.0,gemma2,P18,Rare diseases,0.6823812614024135,0.4138067389874837,0.41656314007635614,0.6431126846357792,0.5308791474933398,0.9152262051932082,-0.0,0.032652833091361265,1.0,0.10106974660704579,0.3283371535630739,1.0,0.65,0.25154270711853616
google/gemma-2-2b-it,2.0,gemma2,P19,Preventive care,0.6685761780681628,0.454823624509985,0.40803749714496634,0.6271719006094674,0.5596309111880046,0.9266328488972595,-0.0,0.027892762229176738,1.0,0.06008921015109892,0.37099977247077154,0.9,0.65,0.2495020828403332
google/gemma-2-2b-it,2.0,gemma2,P20,Regulatory challenges,0.5875020308159427,0.3870779673847228,0.38366882309050254,0.6165480835465947,0.6306610407876231,0.9207812376734903,-0.0,0.03025099823606719,0.9,0.13375222281811383,0.311110078527116,0.6111111111111112,0.9444444444444444,0.28335798505516663
google/gemma-2-9b-it,9.0,gemma2,P01,General overview,0.8542274909754444,0.570644658492855,0.4856832291882811,0.6789261282739577,0.3371345029239766,0.9362467285528432,-0.0,0.023640221694551815,0.95,0.05778446484784712,0.45332417261451163,0.8421052631578947,1.0,0.18482432837152252
google/gemma-2-9b-it,9.0,gemma2,P02,Medical diagnostics,0.826626828044119,0.5769160063876345,0.5161745161766121,0.6900080591234241,0.348806010195868,0.9409362621013876,-0.0,0.02192821995316557,1.0,0.0833199265246137,0.42623597302999394,0.85,1.0,0.18463470494589548
google/gemma-2-9b-it,9.0,gemma2,P03,Drug discovery,0.8223187303937151,0.5247003648154709,0.48429474200117795,0.6855043497918174,0.38455517871119227,0.930269168169721,-0.0,0.02594031221641309,1.0,0.05313925818387716,0.4303050057001853,1.0,1.0,0.18716265641873522
google/gemma-2-9b-it,9.0,gemma2,P04,Patient data privacy,0.7942635796123296,0.5117170514503702,0.4514975686546545,0.6453494154417966,0.39574201628052597,0.950889681839136,-0.0,0.019006744203445416,0.95,0.07249901491232315,0.3747797384064012,1.0,0.631578947368421,0.21579020376121477
google/gemma-2-9b-it,9.0,gemma2,P05,Rural healthcare access,0.8190031864589787,0.539791926365563,0.4800985527773089,0.6445636054006069,0.3899154400250548,0.9313479439815152,0.06626601619188213,0.025900715931327742,1.0,0.11970161565846969,0.34550756569140617,1.0,1.0,0.2094505362588987
google/gemma-2-9b-it,9.0,gemma2,P06,Mental health,0.8083617456604906,0.5642911460899755,0.4883368101289751,0.6186347391230687,0.3895048041389505,0.9505337293523649,-0.0,0.018883704837687462,1.0,0.08202256775038133,0.2911209472447523,1.0,1.0,0.19837497622543251
google/gemma-2-9b-it,9.0,gemma2,P07,Cost reduction,0.8466565712955356,0.525246206162053,0.4595253765758297,0.6348477811429545,0.36884978820462694,0.9241348239849405,-0.0,0.027587520611256192,1.0,0.11712275295226787,0.3169841135790289,0.85,1.0,0.20785206515693538
google/gemma-2-9b-it,9.0,gemma2,P08,Robotic surgery,0.7623121433426404,0.5116993851203155,0.4409136049504066,0.5959236764322324,0.4557522123893805,0.9668942765047944,-0.0,0.012815370732989731,1.0,0.08174375407306679,0.3503472461671397,0.75,1.0,0.21867637768420284
google/gemma-2-9b-it,9.0,gemma2,P09,Personalized medicine,0.7911888297733916,0.5280950159261873,0.46217164987363263,0.6468488913260863,0.4093789607097592,0.946772213918352,-0.0,0.019980677646688486,1.0,0.10642162231404642,0.3782683236702154,0.65,1.0,0.21376294267646778
google/gemma-2-9b-it,9.0,gemma2,P10,Electronic health records,0.793268795102975,0.5367502147506943,0.46469266048090885,0.5722517037340511,0.41126966703256496,0.9289738457544846,-0.0,0.026298036090835936,1.0,0.10079511760891513,0.27660428011273597,0.95,1.0,0.21554883073341682
google/gemma-2-9b-it,9.0,gemma2,P11,Clinical trials,0.8050414898724838,0.5795985827165938,0.5238549989777506,0.6706384064988007,0.38053630611630007,0.9339409353199059,-0.0,0.024439532116507588,1.0,0.07367162435472334,0.40248814467146377,0.8,1.0,0.1931574096254235
google/gemma-2-9b-it,9.0,gemma2,P12,Ethics,0.8250339317140488,0.5414867506936552,0.4742243597145537,0.6574549334862445,0.3739708676377454,0.9424564663309994,-0.0,0.021456442683362213,0.9,0.10434640657236498,0.35826105683143106,1.0,1.0,0.19889203835569208
google/gemma-2-9b-it,9.0,gemma2,P13,Medical imaging,0.7760929998154424,0.4635800172183904,0.46515392843170555,0.5845410926542635,0.44344592500774715,0.9354376811557278,-0.0,0.023448537590137524,0.95,0.12620488678796607,0.27959716238117194,1.0,1.0,0.22459076727627633
google/gemma-2-9b-it,9.0,gemma2,P14,Elderly care,0.8206815247269151,0.5628473458590717,0.5076591774806021,0.6304015805974746,0.3850645359557468,0.9536239276951377,-0.0,0.01772663749808963,0.95,0.09613432831943657,0.4484217784662568,0.7894736842105263,1.0,0.1951304138554043
google/gemma-2-9b-it,9.0,gemma2,P15,Pandemic response,0.7643254499412812,0.4992175227450294,0.44162302397978226,0.6104003132687512,0.45260306951549806,0.9030139951463603,-0.0,0.03619007732007098,0.95,0.09122484935856191,0.3511753023191978,0.9473684210526315,1.0,0.22337238432615555
google/gemma-2-9b-it,9.0,gemma2,P16,Medical education,0.8023284336211924,0.6116360368632525,0.5110955328448615,0.6743147329431485,0.3757641136281913,0.9626154508146194,-0.0,0.014528104933776688,0.9,0.085761506340723,0.3819647053752184,1.0,1.0,0.18599287816487084
google/gemma-2-9b-it,9.0,gemma2,P17,Billing and insurance,0.7997283838202807,0.5499380226029413,0.4792696110437098,0.610489757511838,0.3994509265614276,0.9415324003253116,-0.0,0.021589892038751366,0.9,0.12920697975357098,0.31923637783239656,0.5555555555555556,1.0,0.2270802616184817
google/gemma-2-9b-it,9.0,gemma2,P18,Rare diseases,0.8148056668027959,0.5733716426407675,0.5251608328959267,0.6923094481839787,0.366099740559239,0.9512074214349061,-0.0,0.018623596326127822,1.0,0.08992358062007735,0.35081614255103166,1.0,1.0,0.18428752317988403
google/gemma-2-9b-it,9.0,gemma2,P19,Preventive care,0.7998004938838714,0.5092295605787838,0.4400527239052114,0.6342525601561372,0.40978506787330315,0.9218400945444032,-0.0,0.028552954603115986,1.0,0.07987419574003082,0.33637294020770103,0.95,1.0,0.21005029931952685
google/gemma-2-9b-it,9.0,gemma2,P20,Regulatory challenges,0.7669416293827156,0.49038333299328013,0.4511142239338676,0.6273508360166632,0.43815201192250375,0.956412063442549,-0.0,0.016631660648433612,0.95,0.05741505352464236,0.3220902530924489,1.0,1.0,0.21078252076859866
meta-llama/Llama-3.1-70B-Instruct,70.0,llama3,P01,General overview,0.7025046565340023,0.3987404611529994,0.37469954699472807,0.6238788259406189,0.5039227519613759,0.8693179686431255,-0.0,0.05113790260257571,1.0,0.06700891684021136,0.3258778931662964,1.0,1.0,0.2451506654588087
meta-llama/Llama-3.1-70B-Instruct,70.0,llama3,P02,Medical diagnostics,0.7752677651197533,0.48564130397193545,0.4125619365520002,0.6571615141366112,0.42057188244638605,0.9155648517148306,0.06626601619188213,0.03155821708586616,1.0,0.06015784302229259,0.3047390548201219,1.0,0.9285714285714286,0.22813269327704747
meta-llama/Llama-3.1-70B-Instruct,70.0,llama3,P03,Drug discovery,0.7160978836498458,0.42741738468669044,0.41642019869836994,0.6730097504970316,0.4807976366322009,0.8815610529783457,0.10851536242448849,0.04575429641561688,1.0,0.09386777866114138,0.33071791243721016,1.0,1.0,0.2495238267449093
meta-llama/Llama-3.1-70B-Instruct,70.0,llama3,P04,Patient data privacy,0.7962506817127941,0.533305915615118,0.4486017192951088,0.7145705627842275,0.36866137947608746,0.935411489230543,-0.0,0.024613661578379,1.0,0.1004573799957591,0.34281126205329654,1.0,0.6666666666666666,0.2102974430472828
meta-llama/Llama-3.1-70B-Instruct,70.0,llama3,P05,Rural healthcare access,0.7964089521801778,0.5049837927209471,0.4609624806190974,0.7174273654519951,0.3780143384749077,0.9221382944979613,-0.0,0.029574160160203006,1.0,0.12534721811923388,0.35445820629975777,0.7,1.0,0.21338340838551126
meta-llama/Llama-3.1-70B-Instruct,70.0,llama3,P06,Mental health,0.7469385476320038,0.5051161624618175,0.4356032902841244,0.6871438010946216,0.4369984818911299,0.925879514617774,-0.0,0.028224461269416162,1.0,0.11575538347194061,0.3644992530020258,0.9,1.0,0.21530175960888182
meta-llama/Llama-3.1-70B-Instruct,70.0,llama3,P07,Cost reduction,0.7514695211064689,0.46099051714268957,0.4474184299104111,0.6720418911449069,0.44019238812212463,0.9128258911686576,-0.0,0.032814979814548145,1.0,0.0867505305400997,0.36483065577380863,1.0,1.0,0.21503048041962713
meta-llama/Llama-3.1-70B-Instruct,70.0,llama3,P08,Robotic surgery,0.718112064029367,0.4516652441128116,0.40149669498182405,0.5802041478136498,0.4974944320712695,0.9277112485463512,-0.0,0.027902005571835566,1.0,0.14597327698345633,0.299232245473753,1.0,1.0,0.23748822684338472
meta-llama/Llama-3.1-70B-Instruct,70.0,llama3,P09,Personalized medicine,0.7576105982032908,0.5222790538054837,0.4598302023525358,0.6542785846127385,0.42874845105328374,0.9161900088482599,-0.0,0.03304623650524583,1.0,0.08622915979907327,0.36256335616694085,1.0,1.0,0.20906256058531908
meta-llama/Llama-3.1-70B-Instruct,70.0,llama3,P10,Electronic health records,0.7623408964662963,0.48384904690456965,0.4729244542967821,0.6817546107707683,0.4376798760239097,0.9287518832440789,-0.0,0.02767326591858217,1.0,0.09240313278924894,0.3902812915374755,1.0,1.0,0.2056560440097721
meta-llama/Llama-3.1-70B-Instruct,70.0,llama3,P11,Clinical trials,0.7462420678006217,0.4755384215405969,0.4260839837261402,0.6811488284403442,0.4580812445980985,0.9200658224980178,-0.0,0.030241524655784932,1.0,0.07512280215212917,0.33529867094536847,1.0,1.0,0.21638319980370938
meta-llama/Llama-3.1-70B-Instruct,70.0,llama3,P12,Ethics,0.7522869387716896,0.45859123326284473,0.41987038204472055,0.6992928611484253,0.43887557202004795,0.9321708215436507,-0.0,0.025771593446954337,1.0,0.09300491941861788,0.3237814522239204,0.95,1.0,0.2173186133081856
meta-llama/Llama-3.1-70B-Instruct,70.0,llama3,P13,Medical imaging,0.7519653588461365,0.47378366265781363,0.39531018828131825,0.6804820973048465,0.4341695660135506,0.9149826173188441,0.06626601619188213,0.03237451261468084,1.0,0.06199295149271678,0.32418680710800785,1.0,0.8888888888888888,0.2321541740608432
meta-llama/Llama-3.1-70B-Instruct,70.0,llama3,P14,Elderly care,0.7468415786332362,0.49057208183283446,0.4361669825107404,0.6742534209156147,0.4600310438494373,0.9501720503757464,-0.0,0.01924189419798758,1.0,0.07558658300916227,0.46358582548397426,0.95,1.0,0.20332993011405737
meta-llama/Llama-3.1-70B-Instruct,70.0,llama3,P15,Pandemic response,0.73537672387963,0.47038540363263576,0.43367955918973533,0.6461405467880468,0.4577209797657082,0.9259536857124936,-0.0,0.028711231782701303,1.0,0.09504409740395262,0.38658596172555565,1.0,0.5555555555555556,0.23430622408526372
meta-llama/Llama-3.1-70B-Instruct,70.0,llama3,P16,Medical education,0.7493271755958759,0.5080148352751832,0.4339409461847544,0.7394237764980583,0.4169453734671126,0.9128406418422523,-0.0,0.03318812815807493,1.0,0.08871077486015984,0.3252347911916103,1.0,1.0,0.20947198060689054
meta-llama/Llama-3.1-70B-Instruct,70.0,llama3,P17,Billing and insurance,0.7649187833451352,0.4960233066397449,0.4466722629314781,0.6987356694140149,0.4289350869749682,0.9234182417807646,-0.0,0.02914039772173453,1.0,0.12563293565981806,0.3647161431958579,1.0,1.0,0.20920615309323148
meta-llama/Llama-3.1-70B-Instruct,70.0,llama3,P18,Rare diseases,0.7698044937022154,0.4896712194803531,0.4330181321408461,0.7127107145396235,0.4011715797430083,0.9171223968912,-0.0,0.030761697939755608,1.0,0.09128433086091042,0.37536394373471826,1.0,1.0,0.2059264787481236
meta-llama/Llama-3.1-70B-Instruct,70.0,llama3,P19,Preventive care,0.7313650308213435,0.4773164729138025,0.4095979212992754,0.6640750250940065,0.4769392033542977,0.9340472848197069,-0.0,0.024872340906125123,1.0,0.0950946518011956,0.3720131846080954,1.0,1.0,0.21743434910269932
meta-llama/Llama-3.1-70B-Instruct,70.0,llama3,P20,Regulatory challenges,0.726333775458352,0.4780235821091049,0.4293466329171768,0.6557264848272687,0.47084048027444253,0.9254658238783248,-0.0,0.02909325212429965,1.0,0.08825864279971392,0.3649556176210599,0.9,1.0,0.22231369333858694
meta-llama/Llama-3.1-8B-Instruct,8.0,llama3,P01,General overview,0.6179501222019941,0.40362522464031386,0.35457569726910093,0.5477853566325166,0.5884686590848982,0.8881589914758186,-0.0,0.04499489740290998,1.0,0.16779089329116276,0.24790996648203495,0.95,0.95,0.2768072956966272
meta-llama/Llama-3.1-8B-Instruct,8.0,llama3,P02,Medical diagnostics,0.6469431243151927,0.41266655907968064,0.3692600987520954,0.5271464411850226,0.5723270440251572,0.9133310373622325,-0.0,0.03231327187022979,1.0,0.1669418495581696,0.23760354385389826,1.0,0.8,0.27317612285503823
meta-llama/Llama-3.1-8B-Instruct,8.0,llama3,P03,Drug discovery,0.6784884471256836,0.43432255440441675,0.39556529849571853,0.6163379549602115,0.5202255454768325,0.8862820667980711,-0.0,0.04455641312795797,1.0,0.09473641302775233,0.29795468121046603,1.0,0.8,0.2535125508609645
meta-llama/Llama-3.1-8B-Instruct,8.0,llama3,P04,Patient data privacy,0.6852026689984241,0.4471875385635044,0.41974262779751437,0.6083439257251312,0.5073272854152129,0.9317581513755591,-0.0,0.024924418401776914,1.0,0.11933624631220266,0.33678240973221707,1.0,0.8,0.24137190531184025
meta-llama/Llama-3.1-8B-Instruct,8.0,llama3,P05,Rural healthcare access,0.7022651184374641,0.47598216046837394,0.4258781452057191,0.6064842235839073,0.5099041533546326,0.9114695806670322,-0.0,0.03312050347778337,1.0,0.14571774543939842,0.2612588241771986,0.95,1.0,0.2413154048729359
meta-llama/Llama-3.1-8B-Instruct,8.0,llama3,P06,Mental health,0.7106444126429593,0.4895974545230289,0.4246601189527388,0.600062082547292,0.4787396757418171,0.924303676871717,-0.0,0.02865864612976199,1.0,0.10801278155137503,0.2860077036678289,0.95,1.0,0.23238384308065507
meta-llama/Llama-3.1-8B-Instruct,8.0,llama3,P07,Cost reduction,0.7122601375531492,0.49188379579960445,0.4291689874061132,0.5957370425953727,0.4871060171919771,0.9271245644198536,-0.0,0.02777687887152855,1.0,0.10143649189450162,0.30728079127959823,1.0,1.0,0.22813443562108016
meta-llama/Llama-3.1-8B-Instruct,8.0,llama3,P08,Robotic surgery,0.656547249063099,0.4537301362418533,0.4030210046387901,0.5793627920767355,0.5398793565683646,0.9347247969407668,-0.0,0.02470787214933903,1.0,0.12529733417907732,0.3246912862345979,1.0,0.9,0.2453672278490379
meta-llama/Llama-3.1-8B-Instruct,8.0,llama3,P09,Personalized medicine,0.6703500363540649,0.46493958444572264,0.3932726919883453,0.5701290394295885,0.539400988659494,0.9206322832486191,-0.0,0.031002009931697053,1.0,0.10966415863189707,0.3140129033062884,1.0,1.0,0.24252503113246404
meta-llama/Llama-3.1-8B-Instruct,8.0,llama3,P10,Electronic health records,0.7539465894352458,0.5464127954171633,0.4708636297883876,0.5974607017151023,0.4519123653917564,0.924440999069964,-0.0,0.028344664947020565,1.0,0.10764344737939298,0.3161190627109798,1.0,1.0,0.21493705154674722
meta-llama/Llama-3.1-8B-Instruct,8.0,llama3,P11,Clinical trials,0.6896949832526351,0.4657277753556274,0.42318715013668934,0.6227047912433074,0.5263771495190906,0.9082657290129653,-0.0,0.036294030134154706,1.0,0.11193159882534597,0.32568157576602974,1.0,0.95,0.2374344023833993
meta-llama/Llama-3.1-8B-Instruct,8.0,llama3,P12,Ethics,0.7390289441048358,0.508598424728313,0.4323098145669042,0.6463162339340669,0.4485868911605532,0.9241040591026707,-0.0,0.028591404124586894,1.0,0.10523046571663043,0.3469589524759616,0.75,1.0,0.22632810736402978
meta-llama/Llama-3.1-8B-Instruct,8.0,llama3,P13,Medical imaging,0.6546107938332623,0.4286386370518083,0.39119943145908237,0.5751130569875522,0.5529411764705883,0.8843625296178447,-0.0,0.044496346270168796,1.0,0.1475480647438666,0.2522760641095794,1.0,0.85,0.26577270475463105
meta-llama/Llama-3.1-8B-Instruct,8.0,llama3,P14,Elderly care,0.6724005058662308,0.43349510654532636,0.38770810477511114,0.5611358057368814,0.5385436116297679,0.8945841331549774,-0.0,0.03964657401523273,1.0,0.17091840470782171,0.31648618530192774,0.95,1.0,0.2553040804696601
meta-llama/Llama-3.1-8B-Instruct,8.0,llama3,P15,Pandemic response,0.6365163964740919,0.4486585531781652,0.3829666470221262,0.5475169665365335,0.5784014643075046,0.8747140081779055,0.22465681361132717,0.046790943534036136,1.0,0.1523211834935981,0.25867003365872554,1.0,0.55,0.31668620043186574
meta-llama/Llama-3.1-8B-Instruct,8.0,llama3,P16,Medical education,0.707906735610323,0.49902837554624746,0.458163449462064,0.6235560135833517,0.5008576329331046,0.9505211212110839,-0.0,0.018981315501718433,1.0,0.08440440227617269,0.3451409087638732,1.0,1.0,0.21734957315668502
meta-llama/Llama-3.1-8B-Instruct,8.0,llama3,P17,Billing and insurance,0.7062539097966906,0.474489315135991,0.41459205927487575,0.5973157048344587,0.5063131313131313,0.9092602469234446,-0.0,0.03433032749570003,1.0,0.09617476599633956,0.311553927974299,1.0,1.0,0.2341810910077909
meta-llama/Llama-3.1-8B-Instruct,8.0,llama3,P18,Rare diseases,0.7174117494694878,0.4642906668608321,0.4147893473484345,0.6530149306895201,0.467330580519796,0.9006755667966331,-0.0,0.03739614309588454,1.0,0.12868983277132864,0.32484416209818373,1.0,1.0,0.23037664618091694
meta-llama/Llama-3.1-8B-Instruct,8.0,llama3,P19,Preventive care,0.7320884430457865,0.4912205144428094,0.4079629936809503,0.6271202572688709,0.4523350987000481,0.9107842479455174,-0.0,0.032437699683826926,1.0,0.14469848087820397,0.38199465586140774,1.0,1.0,0.22354638506582578
meta-llama/Llama-3.1-8B-Instruct,8.0,llama3,P20,Regulatory challenges,0.7106140591328419,0.4857331674025674,0.43376569769688894,0.6243265857427825,0.48107739515854075,0.9325398598715938,-0.0,0.02522838418229133,1.0,0.10570626900363501,0.4066608117781019,0.55,1.0,0.23656152516104925
meta-llama/Llama-3.2-1B-Instruct,1.0,llama3,P01,General overview,0.6119062676823709,0.3890537617559305,0.33921675483273733,0.5364182085129129,0.5997222222222223,0.8898164655087206,-0.0,0.04434668916058246,0.75,0.15640751391799537,0.2465239170119824,1.0,0.6666666666666666,0.30199453900079015
meta-llama/Llama-3.2-1B-Instruct,1.0,llama3,P02,Medical diagnostics,0.6373271587989808,0.3691695720375411,0.35679828654882956,0.5330731474074619,0.5647413085135505,0.8892591840338091,-0.0,0.04348425897815244,0.6,0.249298921490663,0.22259513741152775,1.0,0.8,0.3076933828902267
meta-llama/Llama-3.2-1B-Instruct,1.0,llama3,P03,Drug discovery,0.5603250548987745,0.3561216576206916,0.339723485748892,0.49506944037529366,0.6309963099630996,0.886299988891303,0.1316531837404644,0.04478687725599789,0.55,0.23989856689870354,0.24010805295608248,1.0,1.0,0.3365490894966387
meta-llama/Llama-3.2-1B-Instruct,1.0,llama3,P04,Patient data privacy,0.522409905066801,0.31824076896674863,0.3046466696072231,0.48995966460379214,0.6387652122291481,0.8836581717936821,-0.0,0.046235144733567025,0.7,0.27038709983886733,0.22174673528236902,0.7142857142857143,0.6153846153846154,0.34971424038453425
meta-llama/Llama-3.2-1B-Instruct,1.0,llama3,P05,Rural healthcare access,0.6599808911526053,0.40347235352582633,0.4100703649031339,0.6238269966710835,0.5342163355408388,0.903604467821976,0.06626601619188213,0.03802204880684279,0.85,0.15403846914819777,0.33951371742651354,1.0,0.5,0.28434804316938544
meta-llama/Llama-3.2-1B-Instruct,1.0,llama3,P06,Mental health,0.6146807497762495,0.3919982708662746,0.35998614327733186,0.5658650038365379,0.5568696527428284,0.8904438355417053,-0.0,0.044022593395751125,0.75,0.15291731732869138,0.29035554304494693,1.0,1.0,0.2791051157933892
meta-llama/Llama-3.2-1B-Instruct,1.0,llama3,P07,Cost reduction,0.612053931844755,0.39096095712017026,0.3601658529325746,0.5366919261473978,0.588363240891789,0.8891710270649675,0.06626601619188213,0.0442341605960064,0.9,0.15212017457276103,0.27289048373523994,1.0,1.0,0.28684351960838794
meta-llama/Llama-3.2-1B-Instruct,1.0,llama3,P08,Robotic surgery,0.5521913462580403,0.35776612713240447,0.35263138603369404,0.5101540277920281,0.6105927552140505,0.8969449216508697,0.10851536242448849,0.039684888786071376,0.65,0.2422862457714324,0.2507883849127563,1.0,0.5714285714285714,0.3405314815859317
meta-llama/Llama-3.2-1B-Instruct,1.0,llama3,P09,Personalized medicine,0.6108817466377706,0.4189645061284826,0.38180620573119095,0.4799779635057468,0.5967976710334789,0.8986854808497227,-0.0,0.03937698946842898,0.7,0.23588913108825407,0.23468498599949522,1.0,1.0,0.29373049664123935
meta-llama/Llama-3.2-1B-Instruct,1.0,llama3,P10,Electronic health records,0.6129266488017546,0.37288864425093565,0.3695337314336521,0.554114283452768,0.5866588989222254,0.882826272688901,0.10851536242448849,0.04582412135333278,0.75,0.21157350835854202,0.26421722363066386,0.9375,1.0,0.307673596107516
meta-llama/Llama-3.2-1B-Instruct,1.0,llama3,P11,Clinical trials,0.5928085948511219,0.3806311127628588,0.35705999417106504,0.5950403626139404,0.5957611785991213,0.9071268401955915,-0.0,0.03653342339835377,0.7,0.16229140804017156,0.2770663878530327,1.0,0.8,0.29155064429792715
meta-llama/Llama-3.2-1B-Instruct,1.0,llama3,P12,Ethics,0.6264987309221688,0.3678409510905156,0.34339292944318495,0.6327584585722971,0.5490615348063673,0.9089032007201924,-0.0,0.03574777680889114,0.55,0.21065173594572775,0.22693114860796604,0.7272727272727273,0.8333333333333334,0.30838140532418606
meta-llama/Llama-3.2-1B-Instruct,1.0,llama3,P13,Medical imaging,0.5626657894949321,0.3596631581447003,0.3358153941054864,0.4982614407832124,0.6028061224489796,0.8649414319270834,0.2297063792343546,0.05440420059886962,0.75,0.2365242182831609,0.2263469427776748,1.0,0.6666666666666666,0.35699920162884674
meta-llama/Llama-3.2-1B-Instruct,1.0,llama3,P14,Elderly care,0.5929451891010432,0.36612086750730766,0.34110537065661983,0.5278032494575046,0.615553925165077,0.8983275280538575,-0.0,0.0390100390022838,0.65,0.5841884756435965,0.2850798099947796,1.0,1.0,0.3200673269123228
meta-llama/Llama-3.2-1B-Instruct,1.0,llama3,P15,Pandemic response,0.5676050086769748,0.35023598521832905,0.327687743989091,0.5614702779116226,0.6433529097704218,0.8971551528293438,-0.0,0.04107267337089365,0.75,0.1492852079941153,0.3043730506257822,1.0,1.0,0.29174685220371754
meta-llama/Llama-3.2-1B-Instruct,1.0,llama3,P16,Medical education,0.5861028560055035,0.38718715723122504,0.36784309561281126,0.557854720656025,0.5873485868102288,0.8785760947072853,0.18771208281295484,0.04582397314887019,0.65,0.25349412639992347,0.20977373525603568,1.0,1.0,0.3303188885106734
meta-llama/Llama-3.2-1B-Instruct,1.0,llama3,P17,Billing and insurance,0.6070013106116768,0.3659200799802655,0.3610830291687846,0.6313901710092122,0.5964870067372473,0.897601427575264,-0.0,0.03985095920580039,0.7,0.23441098230071059,0.31187615680603203,1.0,0.9,0.2878837414379824
meta-llama/Llama-3.2-1B-Instruct,1.0,llama3,P18,Rare diseases,0.6223025274896142,0.39403345144620966,0.37200098989075536,0.5697522142833065,0.5479771784232366,0.8822462279766745,-0.0,0.04705972108328543,0.75,0.23448741232943726,0.2954058882088304,1.0,0.9090909090909091,0.2860868267169587
meta-llama/Llama-3.2-1B-Instruct,1.0,llama3,P19,Preventive care,0.6307782236365967,0.4083890668104035,0.3730460694549939,0.5616926797774718,0.5834295612009238,0.9060191281051326,-0.0,0.03753387357628885,0.7,0.20261209394471333,0.36621049274369877,1.0,1.0,0.2745439010349185
meta-llama/Llama-3.2-1B-Instruct,1.0,llama3,P20,Regulatory challenges,0.5648959415175302,0.3400883182398679,0.33214024766712674,0.5749532990953106,0.5199053152571551,0.8916359873884998,-0.0,0.04341271924419358,0.55,0.5532740688554909,0.1987057354288856,1.0,0.6666666666666666,0.34126738730098477
meta-llama/Llama-3.2-3B-Instruct,3.0,llama3,P01,General overview,0.6840619280963707,0.4174450983552912,0.3729351954754476,0.554861143147923,0.5418962017976225,0.8797027096359202,-0.0,0.046978206344281216,0.7,0.19354346614708828,0.2414268005200575,1.0,1.0,0.2791934931187237
meta-llama/Llama-3.2-3B-Instruct,3.0,llama3,P02,Medical diagnostics,0.6948390975303615,0.4897841372739742,0.42544223316826946,0.5171897197432725,0.5296367112810707,0.9186425929427544,0.06626601619188213,0.02946278842704152,0.5,0.19615645415036614,0.18902581170559077,1.0,0.6,0.30401760867327804
meta-llama/Llama-3.2-3B-Instruct,3.0,llama3,P03,Drug discovery,0.6601608399347315,0.42766254689159844,0.38291212289468246,0.5701318895814895,0.550682544292768,0.8863350752550556,0.06626601619188213,0.044462814230410326,0.5,0.17268875794114458,0.23664418164663972,1.0,0.6,0.31341416617892587
meta-llama/Llama-3.2-3B-Instruct,3.0,llama3,P04,Patient data privacy,0.6984627689629093,0.4757293704046034,0.44396549400890434,0.6017817721715892,0.49122807017543857,0.9563636987983327,-0.0,0.01705317824163879,0.35,0.07884428578914485,0.4354792449806989,0.7142857142857143,0.42857142857142855,0.2814289666002561
meta-llama/Llama-3.2-3B-Instruct,3.0,llama3,P05,Rural healthcare access,0.7263401628857308,0.5198434958720255,0.4728642371616774,0.5851573422980441,0.4875264270613108,0.9281519375407872,-0.0,0.025587066019673182,0.4,0.14615630495580587,0.2855113815956008,1.0,0.875,0.2610573705152791
meta-llama/Llama-3.2-3B-Instruct,3.0,llama3,P06,Mental health,0.7432512929975668,0.5658801527357139,0.4937220746393661,0.6075358492886844,0.44733178654292344,0.9552344925268776,-0.0,0.017400189391428903,0.35,0.13703670387101718,0.32464750077566773,1.0,1.0,0.24079175014745063
meta-llama/Llama-3.2-3B-Instruct,3.0,llama3,P07,Cost reduction,0.7234327951879911,0.488716763593894,0.4295165089327412,0.5375732596274758,0.49228944246737844,0.9226392561738341,-0.0,0.02840609486659243,0.5,0.11468016246765125,0.2576869806451675,1.0,1.0,0.26144418756653953
meta-llama/Llama-3.2-3B-Instruct,3.0,llama3,P08,Robotic surgery,0.7092770915664748,0.4942378366607787,0.44111345709643573,0.5705958914308593,0.4931212381771281,0.9441927262094734,-0.0,0.021484588319573842,0.55,0.1007938313362599,0.42964606789142523,1.0,0.9090909090909091,0.244323771873396
meta-llama/Llama-3.2-3B-Instruct,3.0,llama3,P09,Personalized medicine,0.675147155467903,0.47393562090461455,0.40531751487653345,0.5577737604321057,0.534453781512605,0.9115974151169287,-0.0,0.03287235256471757,0.65,0.17971897892317068,0.24911377484576724,1.0,0.9166666666666666,0.2719507878568262
meta-llama/Llama-3.2-3B-Instruct,3.0,llama3,P10,Electronic health records,0.7389571094751486,0.5445499158699341,0.46014583897372907,0.5976532123293312,0.466394187102634,0.9347022618365938,-0.0,0.024037681969613242,0.45,0.07261931188941861,0.3195996700428084,1.0,1.0,0.24153875013374645
meta-llama/Llama-3.2-3B-Instruct,3.0,llama3,P11,Clinical trials,0.681253506547902,0.477787709204856,0.42093481962524154,0.6157691122890059,0.5255623721881391,0.9106532031906115,-0.0,0.03312354550213177,0.5,0.16585954163089137,0.25878288502343316,1.0,1.0,0.2682312166977838
meta-llama/Llama-3.2-3B-Instruct,3.0,llama3,P12,Ethics,0.6995611167976874,0.4691305803429644,0.414328292651618,0.6090283807747601,0.4991784423266513,0.9337948831220958,-0.0,0.024634316231779054,0.65,0.1313181523997386,0.29834024090312644,0.7692307692307693,0.9230769230769231,0.26304840710626437
meta-llama/Llama-3.2-3B-Instruct,3.0,llama3,P13,Medical imaging,0.7281546331870271,0.5437052896254675,0.49237533152711244,0.6255136461858924,0.4757446808510638,0.9193198924428309,-0.0,0.029359509480456264,0.4,0.14534897394616528,0.3007489173792951,1.0,1.0,0.24950919718902786
meta-llama/Llama-3.2-3B-Instruct,3.0,llama3,P14,Elderly care,0.6415576919959,0.4192931669976373,0.3712458063291478,0.550307031318511,0.5730474732006126,0.8975492232472271,-0.0,0.036053963153744956,0.55,0.19744308402463384,0.2938552931343339,1.0,1.0,0.2861206565130754
meta-llama/Llama-3.2-3B-Instruct,3.0,llama3,P15,Pandemic response,0.6619543333798897,0.45027091230722804,0.37540371196420963,0.5438002321406518,0.5489545303684036,0.9087915660615932,-0.0,0.03399476030791543,0.55,0.14155770401710166,0.24090988348166414,0.9090909090909091,0.7272727272727273,0.29390605715467716
meta-llama/Llama-3.2-3B-Instruct,3.0,llama3,P16,Medical education,0.7130415098246512,0.5286450331326847,0.4433709602435444,0.6319942397637462,0.4969939879759519,0.9423734620638847,-0.0,0.021286956114350098,0.45,0.1781348430777541,0.28006806410025653,1.0,0.7777777777777778,0.2624944769155123
meta-llama/Llama-3.2-3B-Instruct,3.0,llama3,P17,Billing and insurance,0.6875842214652227,0.49135023833316455,0.4276569953612528,0.5891425876326649,0.520108275328693,0.9244055549699322,-0.0,0.026867742087535233,0.4,0.18463321209308978,0.29455180322861985,1.0,1.0,0.26898047585562856
meta-llama/Llama-3.2-3B-Instruct,3.0,llama3,P18,Rare diseases,0.6958590143553642,0.46285873317151827,0.3950458731178187,0.5516185703964622,0.5048285048285048,0.8930214927734426,-0.0,0.03867861546359951,0.5,0.1741233665754722,0.18970915716742082,1.0,1.0,0.2812333575125234
meta-llama/Llama-3.2-3B-Instruct,3.0,llama3,P19,Preventive care,0.6959242783711577,0.4766669470786854,0.4100211888015692,0.5542387499387147,0.5380138232084394,0.9006553846058966,0.14110376001808378,0.03437483678371248,0.35,0.19746685333341923,0.3183057152445987,1.0,1.0,0.30026772450645095
meta-llama/Llama-3.2-3B-Instruct,3.0,llama3,P20,Regulatory challenges,0.713278418181502,0.4811977965062838,0.45185866462610874,0.6351516188971175,0.4828614008941878,0.9419079794777978,-0.0,0.021870999694436444,0.35,0.07094983076883829,0.38524732944942963,0.8571428571428571,1.0,0.25289078959049444
